routing,ts,event,link,duration,reorder_pct,gap,delay_add,loss_add,jitter,correlation,mtu,duplicate_pct
l2_learn,1785385506.3223405,packet_reorder,s3-s8,5,6.0,4.0,,,,,,
l2_learn,1785385511.451606,packet_reorder_end,s3-s8,0,,,,,,,,
l2_learn,1785385565.0741136,link_degrade,s6-s7,18,,,21.0,1.12,,,,
l2_learn,1785385583.0815964,link_degrade_end,s6-s7,0,,,,,,,,
l2_learn,1785385668.2980995,congestion,s6-s7,18,,,26.0,3.07,,,,
l2_learn,1785385686.8661284,congestion_end,s6-s7,0,,,,,,,,
l2_learn,1785385687.7943516,micro_burst,s6-s4,5,,,74.0,10.51,,,,
l2_learn,1785385692.9000654,micro_burst_end,s6-s4,0,,,,,,,,
l2_learn,1785385897.6713324,route_change,s6-s4,5,,,12.0,1.01,,,,
l2_learn,1785385902.8471086,route_change_end,s6-s4,0,,,,,,,,
l2_learn,1785386005.0382795,buffer_bloat,s1-s4,24,,,67.0,,,,,
l2_learn,1785386029.287584,buffer_bloat_end,s1-s4,0,,,,,,,,
l2_learn,1785386112.074017,buffer_bloat,s3-s8,36,,,197.0,,,,,
l2_learn,1785386148.1000686,buffer_bloat_end,s3-s8,0,,,,,,,,
l2_learn,1785386430.8245816,link_flap_start,s2-s3,4,,,,,,,,
l2_learn,1785386436.3500948,link_flap_end,s2-s3,0,,,,,,,,
l2_learn,1785386561.5871527,congestion,s4-s5,24,,,69.0,4.81,,,,
l2_learn,1785386577.594635,micro_burst,s3-s8,3,,,106.0,7.87,,,,
l2_learn,1785386581.3915436,micro_burst_end,s3-s8,0,,,,,,,,
l2_learn,1785386586.6381474,congestion_end,s4-s5,0,,,,,,,,
l2_learn,1785386617.0087683,buffer_bloat,s2-s3,25,,,119.0,,,,,
l2_learn,1785386642.6469471,buffer_bloat_end,s2-s3,0,,,,,,,,
l2_learn,1785388702.4074397,route_change,s3-s8,10,,,20.0,1.72,,,,
l2_learn,1785388712.4180338,route_change_end,s3-s8,0,,,,,,,,
rip,1785385455.4260993,congestion,s6-s7,15,,,66.0,2.9,,,,
rip,1785385472.4520874,congestion_end,s6-s7,0,,,,,,,,
rip,1785385656.6273272,buffer_bloat,s1-s8,13,,,133.0,,,,,
rip,1785385669.642852,buffer_bloat_end,s1-s8,0,,,,,,,,
rip,1785385940.1747022,jitter_spike,s1-s2,10,,,21.0,,28.7,40.0,,
rip,1785385950.3522637,jitter_spike_end,s1-s2,0,,,,,,,,
rip,1785386241.9918313,route_change,s1-s2,10,,,15.0,0.74,,,,
rip,1785386255.0988014,route_change_end,s1-s2,0,,,,,,,,
rip,1785386668.6101286,congestion,s3-s6,11,,,50.0,7.65,,,,
rip,1785388707.2368927,congestion_end,s3-s6,0,,,,,,,,
ospf,1785385442.9301293,packet_reorder,s1-s2,19,15.0,4.0,,,,,,
ospf,1785385459.3701031,mtu_blackhole,s1-s2,11,,,,,,,576.0,
ospf,1785385462.370994,packet_reorder_end,s1-s2,0,,,,,,,,
ospf,1785385470.3923028,mtu_blackhole_end,s1-s2,0,,,,,,,,
ospf,1785385654.8706293,jitter_spike,s1-s2,14,,,33.0,,27.9,24.0,,
ospf,1785385668.879917,jitter_spike_end,s1-s2,0,,,,,,,,
ospf,1785386030.6025004,packet_reorder,s1-s2,15,24.0,6.0,,,,,,
ospf,1785386045.607713,packet_reorder_end,s1-s2,0,,,,,,,,
ospf,1785386263.656489,link_flap_start,s6-s4,3,,,,,,,,
ospf,1785386266.7114174,link_flap_end,s6-s4,0,,,,,,,,
ospf,1785386452.810112,link_degrade,s3-s8,53,,,19.0,3.32,,,,
ospf,1785386505.8258622,link_degrade_end,s3-s8,0,,,,,,,,
ospf,1785386547.7981672,packet_reorder,s3-s8,11,8.0,9.0,,,,,,
ospf,1785386558.895244,packet_reorder_end,s3-s8,0,,,,,,,,
ospf,1785386592.8060894,link_degrade,s1-s4,15,,,29.0,1.92,,,,
ospf,1785386608.9738266,link_degrade_end,s1-s4,0,,,,,,,,
isis,1785386090.6621118,route_change,s1-s2,9,,,19.0,0.06,,,,
isis,1785386099.7926965,route_change_end,s1-s2,0,,,,,,,,
isis,1785386197.855759,packet_reorder,s4-s5,8,7.0,3.0,,,,,,
isis,1785386206.359787,packet_reorder_end,s4-s5,0,,,,,,,,
isis,1785386224.3819287,buffer_bloat,s1-s4,14,,,222.0,,,,,
isis,1785386238.9510565,buffer_bloat_end,s1-s4,0,,,,,,,,
isis,1785386284.3983762,link_flap_start,s4-s5,7,,,,,,,,
isis,1785386291.79537,link_flap_end,s4-s5,0,,,,,,,,
isis,1785386450.366101,congestion,s6-s7,20,,,45.0,6.51,,,,
isis,1785386470.3717415,congestion_end,s6-s7,0,,,,,,,,
isis,1785386489.170848,micro_burst,s3-s6,1,,,142.0,8.95,,,,
isis,1785386490.528026,micro_burst_end,s3-s6,0,,,,,,,,
eigrp,1785389518.542301,congestion,s1-s8,8,,,31.0,7.87,,,,
eigrp,1785389526.5491374,congestion_end,s1-s8,0,,,,,,,,
eigrp,1785389570.589777,congestion,s6-s7,24,,,21.0,5.24,,,,
eigrp,1785389594.6665738,congestion_end,s6-s7,0,,,,,,,,
eigrp,1785389700.450239,congestion,s1-s8,15,,,78.0,5.8,,,,
eigrp,1785389715.5297158,congestion_end,s1-s8,0,,,,,,,,
eigrp,1785389766.5202887,jitter_spike,s8-s9,10,,,45.0,,22.7,38.0,,
eigrp,1785389776.5275178,jitter_spike_end,s8-s9,0,,,,,,,,
eigrp,1785389899.5737023,micro_burst,s1-s4,1,,,104.0,12.12,,,,
eigrp,1785389901.2395809,micro_burst_end,s1-s4,0,,,,,,,,
eigrp,1785390072.6624253,congestion,s8-s9,23,,,34.0,3.07,,,,
eigrp,1785390096.2846074,congestion_end,s8-s9,0,,,,,,,,
eigrp,1785390178.1096745,link_flap_start,s6-s7,4,,,,,,,,
eigrp,1785390182.1275086,link_flap_end,s6-s7,0,,,,,,,,
eigrp,1785390189.1206417,link_flap_start,s3-s8,8,,,,,,,,
eigrp,1785390197.1603415,link_flap_end,s3-s8,0,,,,,,,,
eigrp,1785390247.1500597,jitter_spike,s2-s3,11,,,49.0,,64.9,34.0,,
eigrp,1785390258.2671208,jitter_spike_end,s2-s3,0,,,,,,,,
eigrp,1785390481.413757,duplicate,s1-s2,4,,,,,,,,8.0
eigrp,1785390486.2407887,duplicate_end,s1-s2,0,,,,,,,,
eigrp,1785390709.9615705,packet_reorder,s2-s3,18,18.0,5.0,,,,,,
eigrp,1785390729.5577354,packet_reorder_end,s2-s3,0,,,,,,,,
eigrp,1785390893.72605,congestion,s4-s5,16,,,39.0,5.98,,,,
eigrp,1785390909.7752583,congestion_end,s4-s5,0,,,,,,,,
bgp,1785389783.978546,link_degrade,s1-s8,43,,,31.0,1.52,,,,
bgp,1785389826.9871244,link_degrade_end,s1-s8,0,,,,,,,,
bgp,1785389860.5641882,congestion,s1-s8,15,,,27.0,7.34,,,,
bgp,1785389876.095425,congestion_end,s1-s8,0,,,,,,,,
bgp,1785390184.9630394,micro_burst,s3-s6,2,,,87.0,14.04,,,,
bgp,1785390187.6228058,micro_burst_end,s3-s6,0,,,,,,,,
bgp,1785390244.2057953,link_flap_start,s2-s3,4,,,,,,,,
bgp,1785390248.2641177,link_flap_end,s2-s3,0,,,,,,,,
bgp,1785390324.27811,link_degrade,s3-s6,26,,,17.0,4.67,,,,
bgp,1785390350.407248,link_degrade_end,s3-s6,0,,,,,,,,
bgp,1785390470.379017,buffer_bloat,s1-s8,12,,,242.0,,,,,
bgp,1785390482.3897097,buffer_bloat_end,s1-s8,0,,,,,,,,
bgp,1785390700.5217023,link_degrade,s1-s2,28,,,38.0,3.25,,,,
bgp,1785390728.579275,link_degrade_end,s1-s2,0,,,,,,,,
bgp,1785390746.5336862,link_flap_start,s1-s2,4,,,,,,,,
bgp,1785390750.665022,link_flap_end,s1-s2,0,,,,,,,,
bgp,1785390821.3777058,buffer_bloat,s1-s8,19,,,175.0,,,,,
bgp,1785390840.3956015,buffer_bloat_end,s1-s8,0,,,,,,,,
bgp,1785391048.6498628,jitter_spike,s3-s6,9,,,27.0,,24.0,45.0,,
bgp,1785391057.6679568,jitter_spike_end,s3-s6,0,,,,,,,,
bgp,1785391307.6544282,micro_burst,s4-s5,1,,,111.0,14.01,,,,
bgp,1785391308.6624954,micro_burst_end,s4-s5,0,,,,,,,,
ecmp,1785389537.6662383,packet_reorder,s8-s9,19,11.0,10.0,,,,,,
ecmp,1785389556.6762297,packet_reorder_end,s8-s9,0,,,,,,,,
ecmp,1785389813.761719,micro_burst,s4-s5,3,,,123.0,14.98,,,,
ecmp,1785389816.7710433,micro_burst_end,s4-s5,0,,,,,,,,
ecmp,1785390419.0338318,congestion,s1-s2,6,,,54.0,2.57,,,,
ecmp,1785390425.03885,congestion_end,s1-s2,0,,,,,,,,
ecmp,1785390442.0537286,link_degrade,s3-s6,36,,,21.0,4.03,,,,
ecmp,1785390478.0625958,link_degrade_end,s3-s6,0,,,,,,,,
ecmp,1785390492.0696824,mtu_blackhole,s8-s9,13,,,,,,,576.0,
ecmp,1785390505.4959228,mtu_blackhole_end,s8-s9,0,,,,,,,,
ecmp,1785390530.0776827,micro_burst,s1-s8,2,,,138.0,13.11,,,,
ecmp,1785390532.639339,micro_burst_end,s1-s8,0,,,,,,,,
ecmp,1785390578.636831,congestion,s6-s4,18,,,32.0,6.38,,,,
ecmp,1785390596.6521013,congestion_end,s6-s4,0,,,,,,,,
ecmp,1785390649.664493,link_flap_start,s1-s2,6,,,,,,,,
ecmp,1785390656.0546806,link_flap_end,s1-s2,0,,,,,,,,
ecmp,1785390849.458548,route_change,s1-s4,6,,,8.0,0.08,,,,
ecmp,1785390855.4716408,route_change_end,s1-s4,0,,,,,,,,
ecmp,1785391037.678346,micro_burst,s1-s8,2,,,84.0,12.66,,,,
ecmp,1785391039.6872523,micro_burst_end,s1-s8,0,,,,,,,,
spf,1785389600.9110026,packet_reorder,s2-s3,10,6.0,5.0,,,,,,
spf,1785389610.9747462,packet_reorder_end,s2-s3,0,,,,,,,,
spf,1785389777.1916957,jitter_spike,s1-s4,12,,,12.0,,17.2,37.0,,
spf,1785389789.2029176,jitter_spike_end,s1-s4,0,,,,,,,,
spf,1785389951.2458706,packet_reorder,s1-s2,14,22.0,6.0,,,,,,
spf,1785389967.9016876,packet_reorder_end,s1-s2,0,,,,,,,,
spf,1785390085.807549,buffer_bloat,s8-s9,10,,,299.0,,,,,
spf,1785390095.8237636,buffer_bloat_end,s8-s9,0,,,,,,,,
spf,1785390509.0596616,micro_burst,s3-s6,2,,,72.0,10.19,,,,
spf,1785390511.067348,micro_burst_end,s3-s6,0,,,,,,,,
spf,1785390722.7128043,congestion,s3-s8,22,,,23.0,4.57,,,,
spf,1785390744.7216809,congestion_end,s3-s8,0,,,,,,,,
spf,1785390900.7423902,congestion,s3-s8,22,,,48.0,2.92,,,,
spf,1785390922.7522187,congestion_end,s3-s8,0,,,,,,,,
spf,1785390999.8143184,congestion,s2-s3,20,,,40.0,6.0,,,,
spf,1785391024.039366,congestion_end,s2-s3,0,,,,,,,,
spf,1785391086.3965254,jitter_spike,s6-s7,7,,,41.0,,27.0,43.0,,
spf,1785391093.4078703,jitter_spike_end,s6-s7,0,,,,,,,,
spf,1785391281.826779,micro_burst,s8-s9,1,,,70.0,12.39,,,,
spf,1785391283.149722,micro_burst_end,s8-s9,0,,,,,,,,
policy,1785391930.19772,congestion,s1-s4,7,,,54.0,7.96,,,,
policy,1785391937.2052257,congestion_end,s1-s4,0,,,,,,,,
policy,1785391994.2032144,packet_reorder,s4-s5,12,23.0,6.0,,,,,,
policy,1785392006.208809,packet_reorder_end,s4-s5,0,,,,,,,,
policy,1785392431.2152948,link_degrade,s1-s4,19,,,34.0,3.38,,,,
policy,1785392450.220382,link_degrade_end,s1-s4,0,,,,,,,,
policy,1785392642.2190828,micro_burst,s6-s4,3,,,73.0,14.53,,,,
policy,1785392645.2238512,micro_burst_end,s6-s4,0,,,,,,,,
policy,1785392916.2263846,link_degrade,s1-s4,15,,,16.0,4.63,,,,
policy,1785392931.231101,link_degrade_end,s1-s4,0,,,,,,,,
policy,1785393093.2301335,packet_reorder,s4-s5,7,10.0,8.0,,,,,,
policy,1785393100.234959,packet_reorder_end,s4-s5,0,,,,,,,,
policy,1785393282.2342815,congestion,s3-s6,11,,,41.0,5.21,,,,
policy,1785393293.2398472,congestion_end,s3-s6,0,,,,,,,,
static,1785392046.5552254,link_degrade,s6-s4,54,,,26.0,1.17,,,,
static,1785392100.5633912,link_degrade_end,s6-s4,0,,,,,,,,
static,1785392457.5707085,congestion,s6-s7,7,,,58.0,2.03,,,,
static,1785392464.5758688,congestion_end,s6-s7,0,,,,,,,,
static,1785392645.5785923,congestion,s4-s5,5,,,50.0,7.17,,,,
static,1785392650.583259,congestion_end,s4-s5,0,,,,,,,,
static,1785392917.5826051,congestion,s2-s3,16,,,46.0,6.0,,,,
static,1785392933.5876782,congestion_end,s2-s3,0,,,,,,,,
static,1785393069.586307,route_change,s6-s4,8,,,10.0,1.03,,,,
static,1785393077.591522,route_change_end,s6-s4,0,,,,,,,,
static,1785393094.5891194,micro_burst,s3-s8,1,,,54.0,9.36,,,,
static,1785393095.5933375,micro_burst_end,s3-s8,0,,,,,,,,
static,1785393521.5958471,link_flap_start,s6-s4,8,,,,,,,,
static,1785393529.6030576,link_flap_end,s6-s4,0,,,,,,,,
static,1785393559.6008031,link_flap_start,s1-s8,5,,,,,,,,
static,1785393564.618492,link_flap_end,s1-s8,0,,,,,,,,
static,1785393661.6069477,congestion,s3-s6,7,,,45.0,4.79,,,,
static,1785393668.611276,congestion_end,s3-s6,0,,,,,,,,
static,1785393719.6094103,link_flap_start,s6-s4,7,,,,,,,,
static,1785393726.6157897,link_flap_end,s6-s4,0,,,,,,,,
hybrid,1785405883.3830078,congestion,s3-s6,16,,,47.0,2.08,,,,
hybrid,1785405900.1801035,congestion_end,s3-s6,0,,,,,,,,
hybrid,1785406187.6265402,buffer_bloat,s2-s3,14,,,197.0,,,,,
hybrid,1785406202.4378054,buffer_bloat_end,s2-s3,0,,,,,,,,
hybrid,1785406263.0390117,route_change,s3-s8,9,,,18.0,1.23,,,,
hybrid,1785406272.0420663,route_change_end,s3-s8,0,,,,,,,,
hybrid,1785406674.9757092,jitter_spike,s2-s3,6,,,13.0,,18.5,49.0,,
hybrid,1785406680.9787476,jitter_spike_end,s2-s3,0,,,,,,,,
hybrid,1785406711.8257546,congestion,s1-s2,11,,,30.0,7.91,,,,
hybrid,1785406723.685437,congestion_end,s1-s2,0,,,,,,,,
hybrid,1785406884.1257348,mtu_blackhole,s3-s8,15,,,,,,,576.0,
hybrid,1785406899.9943087,mtu_blackhole_end,s3-s8,0,,,,,,,,
hybrid,1785407342.81946,link_degrade,s2-s3,40,,,37.0,2.35,,,,
hybrid,1785407384.837649,link_degrade_end,s2-s3,0,,,,,,,,
